numero de neuronas, error en entrenamiento, error en prueba, falsos positivos, falsos negativos
2, 274.783062848, 0.2434, 1850, 584
3, 36.0925235561, 0.0263, 224, 39
4, 24.2402672, 0.0218, 210, 8
5, 33.2429612491, 0.025, 214, 36
6, 28.4007781763, 0.0328, 305, 23
7, 22.2695860193, 0.0111, 98, 13
8, 27.2909341756, 0.0292, 275, 17
9, 28.2880187526, 0.0242, 231, 11
10, 32.0698101688, 0.0266, 249, 17
