numero de neuronas, error en entrenamiento, error en prueba, falsos positivos, falsos negativos
2, 549.110980656, 0.2375, 1432, 943
3, 69.4752029137, 0.0301, 0, 301
4, 39.0747788208, 0.0203, 20, 183
5, 49.1656809677, 0.0222, 11, 211
6, 55.9444940983, 0.0256, 0, 256
7, 54.8860208073, 0.026, 1, 259
8, 38.0575846326, 0.0188, 0, 188
9, 56.3857945411, 0.0209, 5, 204
10, 35.2006028585, 0.0202, 0, 202
