numero de neuronas, error en entrenamiento, error en prueba, falsos positivos, falsos negativos
2, 267.22460474, 0.2413, 1405, 1008
3, 37.1618537572, 0.0225, 52, 173
4, 33.3375417299, 0.0199, 41, 158
5, 24.1821612109, 0.0168, 98, 70
6, 29.4775538029, 0.0161, 42, 119
7, 23.0025774145, 0.0135, 62, 73
8, 31.1608754823, 0.0175, 63, 112
9, 25.1234405983, 0.014, 70, 70
10, 22.1193551997, 0.0136, 72, 64
