numero de neuronas, error en entrenamiento, error en prueba, falsos positivos, falsos negativos
2, 121.663701958, 0.2427, 1507, 920
3, 19.8930545314, 0.0357, 114, 243
4, 17.1306028912, 0.0344, 107, 237
5, 17.0097338838, 0.033, 123, 207
6, 14.6274510081, 0.0277, 92, 185
7, 15.2521463315, 0.0271, 82, 189
8, 14.4492097553, 0.031, 104, 206
9, 17.5641948943, 0.0279, 96, 183
10, 16.8078238475, 0.0298, 83, 215
